month,diagnosis,0-9_M,0-9_F,10-18_M,10-18_F,19-24_M,19-24_F,25-34_M,25-34_F,35-64_M,35-64_F,65+_M,65+_F,Unknown_M,Unknown_F,total_male,total_female,total_cases
July 2024,Bipolar Mood disorder                (BMD),0,0,5,1,6,6,14,17,19,14,1,4,0,0,45,42,87
July 2024,Bipolar Mood disorder  II            (BMD II),0,0,0,0,1,0,0,1,0,0,0,0,0,0,1,1,2
July 2024,Bipolar Mood disorder I              (BMD I),0,0,0,0,0,0,0,1,0,0,0,0,0,0,0,1,1
July 2024,Conduct disorder,0,0,0,3,1,0,0,0,0,1,0,0,0,0,1,4,5
July 2024,Conversion disorder,0,0,0,0,0,0,0,1,0,0,0,0,0,0,0,1,1
July 2024,Delirium,0,0,0,0,0,0,0,0,0,1,0,0,0,0,0,1,1
July 2024,Delusional disorder,0,0,0,0,0,0,0,0,1,1,0,0,0,0,1,1,2
July 2024,Dementia,0,0,0,0,1,1,0,1,1,4,4,8,0,0,6,14,20
July 2024,Depression,0,0,0,0,0,4,3,2,4,1,0,1,0,0,7,8,15
July 2024,Depression (Mild),0,0,0,0,0,1,0,0,0,0,0,0,0,0,0,1,1
July 2024,Depression (Post Partum)   PPD,0,0,0,0,0,0,0,1,0,0,0,0,0,0,0,1,1
July 2024,Drug Induced Psychosis            (DIP),0,0,5,3,23,4,36,5,14,6,0,0,0,0,78,18,96
July 2024,Dysthymic disorder,0,0,0,0,0,0,0,0,0,1,0,0,0,0,0,1,1
July 2024,Generalized Anxiety Dis (GAD),0,0,0,0,1,2,3,3,2,2,1,0,0,0,7,7,14
July 2024,Insomia,0,0,0,0,0,0,0,0,0,1,0,0,0,0,0,1,1
July 2024,Intellectual Disability Dis (IDD),0,0,1,0,1,1,1,1,3,2,0,0,0,0,6,4,10
July 2024,Learning  disability,0,0,1,0,0,0,0,0,0,0,0,0,0,0,1,0,1
July 2024,Major Depressive Disorder         (MDD),0,0,1,1,3,5,10,8,10,9,2,1,0,0,26,24,50
July 2024,Mental Retardation,0,0,0,0,1,0,0,0,0,0,0,0,0,0,1,0,1
July 2024,Mood disorder,0,0,0,0,0,0,1,0,0,0,0,0,0,0,1,0,1
July 2024,Obsessive Compulsive Disorder (OCD),0,0,1,0,0,0,0,0,0,0,0,0,0,0,1,0,1
July 2024,Oppositional Defiant Disorder (ODD),0,0,1,0,0,0,0,0,0,0,0,0,0,0,1,0,1
July 2024,Panic attack,0,0,0,0,0,0,1,1,1,0,0,0,0,0,2,1,3
July 2024,Personality disorder,0,0,0,1,0,0,0,0,0,0,0,0,0,0,0,1,1
July 2024,Polysubstance abuse/use Disorder  (PSUD),0,0,0,0,3,0,7,1,3,1,1,0,0,0,14,2,16
July 2024,Post Traumatic Sress Disorder     (PTSD),0,0,0,0,0,1,2,0,0,0,0,0,0,0,2,1,3
July 2024,Psychosis,0,0,1,0,3,0,5,7,2,5,1,1,0,0,12,13,25
July 2024,Psychosis (Acute) (APE),0,0,1,3,1,2,2,0,2,0,0,0,0,0,6,5,11
July 2024,Psychosis (Brief),0,0,2,0,5,2,8,6,9,4,2,1,0,0,26,13,39
July 2024,Psychosis (Post Partum)                (PPP),0,0,0,0,0,3,0,5,0,2,0,0,0,0,0,10,10
July 2024,Schizo Affective,0,0,1,0,4,1,1,1,4,10,0,0,0,0,10,12,22
July 2024,Schizophrenia,1,0,4,1,11,3,20,10,18,24,2,2,0,0,56,40,96
July 2024,Somatism,0,0,0,0,0,0,0,0,0,1,0,0,0,0,0,1,1
July 2024,Stress Disorder (Acute),0,0,1,0,0,0,0,0,0,0,0,0,0,0,1,0,1
July 2024,Substance Abuse,0,0,0,0,0,0,0,0,1,0,0,0,0,0,1,0,1
July 2024,Substance Induced Psychosis       (SIP),0,0,0,0,3,0,4,1,1,0,0,0,0,0,8,1,9
July 2024,Substance Withdrawal,0,0,0,0,1,0,0,0,0,0,0,0,0,0,1,0,1
July 2024,Substance/Drug Abuse (SUD-Bhang),0,0,2,0,0,0,1,0,0,0,0,0,0,0,3,0,3
July 2024,Substance/use disorder  SUD,0,0,7,0,16,2,10,3,11,1,0,0,0,0,44,6,50
July 2024,Suicidal (Attempted),0,0,0,0,0,0,1,1,0,0,0,0,0,0,1,1,2
July 2024,Suicidal ideas/thoughts,0,0,0,0,0,0,0,1,0,0,0,0,0,0,0,1,1
August 2024,Bipolar Disorder,0,0,0,0,0,0,0,0,0,1,0,0,0,0,0,1,1
August 2024,Bipolar Mood disorder                (BMD),0,0,1,3,7,3,12,18,14,16,0,1,0,0,34,41,75
August 2024,Bipolar Mood disorder  II            (BMD II),0,0,0,0,0,0,0,0,0,1,0,0,0,0,0,1,1
August 2024,Bipolar Mood disorder I              (BMD I),0,0,0,0,1,0,0,0,0,0,0,0,0,0,1,0,1
August 2024,Delusional disorder,0,0,0,0,0,0,0,0,0,1,0,0,0,0,0,1,1
August 2024,Dementia,0,0,0,0,0,0,1,0,0,7,6,21,0,0,7,28,35
August 2024,Depression,0,0,0,1,1,0,2,2,2,4,0,1,0,0,5,8,13
August 2024,Drug Induced Psychosis            (DIP),0,0,6,2,32,4,26,4,20,6,0,0,0,0,84,16,100
August 2024,Dyslexia,0,0,0,1,0,0,0,0,0,0,0,0,0,0,0,1,1
August 2024,Generalized Anxiety Dis (GAD),0,0,0,0,0,1,0,1,1,1,0,1,0,0,1,4,5
August 2024,Hypomania,0,0,0,0,0,0,0,0,0,1,0,0,0,0,0,1,1
August 2024,Intellectual Disability Dis (IDD),0,0,0,0,0,0,2,0,0,0,0,0,0,0,2,0,2
August 2024,Major Depressive Disorder         (MDD),0,0,1,1,3,2,9,6,4,9,1,0,0,0,18,18,36
August 2024,Mood disorder,0,0,0,0,1,1,0,0,1,1,0,0,0,0,2,2,4
August 2024,Panic attack,0,0,0,0,0,0,0,1,0,0,0,0,0,0,0,1,1
August 2024,Personality disorder,0,0,0,0,0,0,0,0,0,1,0,0,0,0,0,1,1
August 2024,Polysubstance abuse/use Disorder  (PSUD),0,0,0,0,0,0,1,1,2,1,0,0,0,0,3,2,5
August 2024,Post Traumatic Sress Disorder     (PTSD),0,0,0,2,1,0,1,1,0,0,0,0,0,0,2,3,5
August 2024,Psychosis,0,0,2,0,2,2,5,3,5,6,3,3,0,0,17,14,31
August 2024,Psychosis (Acute) (APE),0,0,1,1,0,2,3,2,2,4,0,0,0,0,6,9,15
August 2024,Psychosis (Brief),1,0,0,3,11,7,4,10,9,8,0,3,0,0,25,31,56
August 2024,Psychosis (Organic),0,0,0,0,0,0,1,1,0,0,1,0,0,0,2,1,3
August 2024,Psychosis (Post Partum)                (PPP),0,0,0,0,0,1,0,5,0,2,0,0,0,0,0,8,8
August 2024,Schizo Affective,0,0,0,0,2,3,2,6,2,5,0,1,0,0,6,15,21
August 2024,Schizophrenia,0,0,2,0,7,2,13,11,27,22,0,1,0,0,49,36,85
August 2024,Schizophrenia (Catatonic),0,0,0,0,0,0,0,0,0,1,0,0,0,0,0,1,1
August 2024,Somatism,0,0,0,0,0,0,0,0,0,1,0,0,0,0,0,1,1
August 2024,Stress Disorder (Acute),0,0,0,0,0,0,0,0,0,1,0,0,0,0,0,1,1
August 2024,Stress Disorder (Emotional),0,0,0,0,0,0,0,0,1,0,0,0,0,0,1,0,1
August 2024,Substance Abuse,0,0,2,0,0,0,0,0,0,0,0,0,0,0,2,0,2
August 2024,Substance Induced Psychosis       (SIP),0,0,2,0,4,1,5,1,1,0,0,0,0,0,12,2,14
August 2024,Substance/Drug Abuse (Khat),0,0,0,0,0,0,0,0,1,0,0,0,0,0,1,0,1
August 2024,Substance/Drug Abuse (Opiod),0,0,0,0,0,0,0,0,1,0,0,0,0,0,1,0,1
August 2024,Substance/Drug Abuse (SUD-Bhang),0,0,0,0,0,0,3,0,1,0,0,0,0,0,4,0,4
August 2024,Substance/Drug Abuse (Traumadol),0,0,0,0,0,0,0,1,0,0,0,0,0,0,0,1,1
August 2024,Substance/use disorder  SUD,0,0,7,1,17,3,13,1,11,1,0,0,0,0,48,6,54
August 2024,Suicidal ideas/thoughts,0,0,0,0,0,0,0,1,0,0,0,0,0,0,0,1,1
August 2024,Thought disorder,0,0,0,0,0,0,1,0,0,0,0,0,0,0,1,0,1
September 2024,Bipolar Disorder,0,0,0,0,0,0,0,0,0,1,0,1,0,0,0,2,2
September 2024,Bipolar Mood disorder                (BMD),0,0,7,1,4,6,7,15,15,13,3,2,0,0,36,37,73
September 2024,Bipolar Mood disorder I              (BMD I),0,0,0,0,0,0,1,0,0,0,0,0,0,0,1,0,1
September 2024,Conduct disorder,0,0,0,1,0,0,0,0,0,0,0,0,0,0,0,1,1
September 2024,Dementia,0,0,0,0,0,0,0,0,1,4,7,16,0,0,8,20,28
September 2024,Dementia (Senile),0,0,0,0,0,0,0,0,0,1,0,0,0,0,0,1,1
September 2024,Depression,0,0,0,0,2,1,2,0,3,4,0,1,0,0,7,6,13
September 2024,Drug Induced Psychosis            (DIP),0,0,8,1,26,2,32,4,16,2,0,1,0,0,82,10,92
September 2024,Generalized Anxiety Dis (GAD),0,0,0,0,0,1,1,1,0,4,0,0,0,0,1,6,7
September 2024,Insomia,0,0,0,0,0,0,0,0,0,2,0,0,0,0,0,2,2
September 2024,Intellectual Disability DISORDER (IDD),0,0,0,1,1,0,2,1,1,0,0,0,0,0,4,2,6
September 2024,Major Depressive Disorder         (MDD),0,0,2,5,2,8,12,5,7,11,0,0,0,0,23,29,52
September 2024,Mood disorder,0,0,0,0,1,0,0,0,0,0,0,0,0,0,1,0,1
September 2024,Obsessive Compulsive Disorder (OCD),0,0,0,0,0,0,0,0,0,1,0,0,0,0,0,1,1
September 2024,Polysubstance abuse/use Disorder  (PSUD),0,0,0,0,5,0,2,0,2,1,0,0,0,0,9,1,10
September 2024,Post Traumatic Sress Disorder     (PTSD),0,0,0,1,1,2,1,1,0,1,0,0,0,0,2,5,7
September 2024,Psychosis,0,0,0,1,2,0,1,3,8,2,1,1,0,0,12,7,19
September 2024,Psychosis (Acute) (APE),0,0,0,0,0,1,1,1,0,1,0,0,0,0,1,3,4
September 2024,Psychosis (Brief),0,0,3,1,9,5,8,8,4,13,0,0,0,0,24,27,51
September 2024,Psychosis (Post Partum)                (PPP),0,0,0,0,0,1,0,0,0,2,0,0,0,0,0,3,3
September 2024,Schizo Affective,0,0,1,2,7,2,6,3,3,7,1,1,0,0,18,15,33
September 2024,Schizophrenia,0,0,4,3,11,4,21,7,27,28,3,3,0,0,66,45,111
September 2024,Schizophrenia (Catatonic),0,0,0,0,0,0,0,0,0,1,0,0,0,0,0,1,1
September 2024,Stress Disorder (Acute),0,0,0,0,0,0,0,0,0,0,0,1,0,0,0,1,1
September 2024,Stress Disorder (Emotional),0,0,0,0,0,1,0,0,0,0,0,0,0,0,0,1,1
September 2024,Substance Induced Psychosis       (SIP),0,0,0,0,0,0,2,0,1,0,0,0,0,0,3,0,3
September 2024,Substance/Drug Abuse (Opiod),0,0,0,0,0,0,0,1,0,0,0,0,0,0,0,1,1
September 2024,Substance/Drug Abuse (SUD-Bhang),0,0,1,0,2,0,1,0,0,0,0,0,0,0,4,0,4
September 2024,Substance/Drug dependance,0,0,0,0,0,0,0,0,0,1,0,0,0,0,0,1,1
September 2024,Substance/use disorder  SUD,0,0,8,2,10,1,19,1,10,0,0,0,0,0,47,4,51
September 2024,Suicidal (Attempted),0,0,0,1,1,0,1,0,1,0,0,0,0,0,3,1,4
September 2024,Suicidal ideas/thoughts,0,0,0,0,0,0,2,0,0,0,0,0,0,0,2,0,2
October 2024,Anxiety disorder,0,0,0,0,0,0,1,2,2,2,0,0,0,0,3,4,7
October 2024,Attention Deficit Hyperactivity Dis (A.D.H.D.),0,0,0,1,0,1,2,2,0,0,0,0,0,0,2,4,6
October 2024,Autism spectrum disorder (ASD),0,1,0,0,0,1,0,0,0,0,0,0,0,0,0,2,2
October 2024,Behavioural disorder,0,0,0,0,0,1,0,0,0,1,0,0,0,0,0,2,2
October 2024,Bipolar Mood disorder                (BMD),0,0,5,2,7,9,13,17,13,14,3,1,0,0,41,43,84
October 2024,Bipolar Mood disorder  II            (BMD II),0,0,1,0,0,0,0,3,0,0,0,0,0,0,1,3,4
October 2024,Bipolar Mood disorder I              (BMD I),0,0,0,0,1,0,1,0,0,2,0,0,0,0,2,2,4
October 2024,Celebral palsy,0,0,1,0,0,0,0,0,0,0,0,0,0,0,1,0,1
October 2024,Conduct disorder,0,0,0,1,0,0,0,0,0,0,0,0,0,0,0,1,1
October 2024,Delirium,0,0,1,0,0,0,0,0,0,0,0,0,0,0,1,0,1
October 2024,Delusional disorder,0,0,0,0,0,0,1,0,0,0,0,0,0,0,1,0,1
October 2024,Dementia,0,0,0,0,0,0,0,0,1,2,4,13,0,0,5,15,20
October 2024,Depression,0,0,2,0,1,3,3,5,5,5,1,0,0,0,12,13,25
October 2024,Depression (Mild),0,0,0,0,0,0,2,0,0,0,0,0,0,0,2,0,2
October 2024,Drug Induced Psychosis            (DIP),0,0,8,2,28,6,35,3,12,5,0,0,0,0,83,16,99
October 2024,Generalized Anxiety Dis (GAD),0,0,0,0,2,0,2,2,0,1,0,0,0,0,4,3,7
October 2024,Insomia,0,0,0,0,0,0,1,0,1,0,0,0,0,0,2,0,2
October 2024,Intellectual Disability DISORDER (IDD),0,0,1,0,0,2,0,0,0,0,0,0,0,0,1,2,3
October 2024,Major Depressive Disorder         (MDD),0,0,1,1,4,7,16,16,13,12,0,3,0,0,34,39,73
October 2024,Oppositional Defiant Disorder (ODD),0,0,0,0,1,0,0,0,0,0,0,0,0,0,1,0,1
October 2024,Personality disorder,0,0,0,0,1,0,0,0,0,0,0,0,0,0,1,0,1
October 2024,Polysubstance abuse/use Disorder  (PSUD),0,0,1,0,3,0,5,2,1,0,0,0,0,0,10,2,12
October 2024,Post Traumatic Sress Disorder     (PTSD),0,0,0,0,0,2,3,2,1,1,0,0,0,0,4,5,9
October 2024,Psychosis,0,0,1,0,6,1,3,8,9,4,1,3,0,0,20,16,36
October 2024,Psychosis (Acute) (APE),0,0,1,0,0,0,1,2,1,1,0,1,0,0,3,4,7
October 2024,Psychosis (Brief),0,0,2,0,8,2,7,3,7,12,0,2,0,0,24,19,43
October 2024,Psychosis (Post Partum)                (PPP),0,0,0,0,0,1,0,4,0,2,0,0,0,0,0,7,7
October 2024,Schizo Affective,0,0,2,1,5,0,5,2,6,4,1,0,0,0,19,7,26
October 2024,Schizophrenia,0,0,3,0,24,7,19,14,31,21,3,3,0,0,80,45,125
October 2024,Schizophrenia (Paranoid),0,0,0,0,0,0,1,0,0,0,0,0,0,0,1,0,1
October 2024,Somatism,0,0,0,0,0,0,0,0,0,1,0,0,0,0,0,1,1
October 2024,Substance Induced Psychosis       (SIP),0,0,0,0,0,1,0,0,1,0,0,0,0,0,1,1,2
October 2024,Substance/Drug Abuse (Khat),0,0,0,0,0,0,0,0,1,0,0,0,0,0,1,0,1
October 2024,Substance/Drug Abuse (Opiod),0,0,0,0,0,0,0,0,0,1,0,0,0,0,0,1,1
October 2024,Substance/use disorder  SUD,0,0,5,3,13,1,8,3,9,0,1,0,0,0,36,7,43
October 2024,Suicidal (Attempted),0,0,0,1,0,0,0,0,0,0,0,0,0,0,0,1,1
November 2024,Bipolar Mood disorder                (BMD),0,0,1,1,7,7,11,9,21,14,0,0,0,0,40,31,71
November 2024,Bipolar Mood disorder I              (BMD I),0,0,0,0,0,0,1,0,0,0,0,0,0,0,1,0,1
November 2024,Bipolar Mood disorder  II            (BMD II),0,0,0,0,0,1,0,0,0,0,0,0,0,0,0,1,1
November 2024,Celebral palsy,0,0,0,0,0,1,0,0,0,0,0,0,0,0,0,1,1
November 2024,Conduct disorder,0,0,1,0,0,0,1,0,0,0,0,0,0,0,2,0,2
November 2024,Delayed Milestone,0,1,0,0,0,0,0,0,0,0,0,0,0,0,0,1,1
November 2024,Delusional disorder,0,0,0,0,1,0,0,1,0,0,0,0,0,0,1,1,2
November 2024,Dementia,0,0,0,0,0,0,0,0,2,2,1,12,0,0,3,14,17
November 2024,Dementia (Senile),0,0,0,0,0,0,0,0,0,0,0,1,0,0,0,1,1
November 2024,Depression,0,0,0,0,0,2,2,3,0,2,0,0,0,0,2,7,9
November 2024,Drug Induced Psychosis            (DIP),0,0,7,3,26,4,31,4,17,8,0,0,0,0,81,19,100
November 2024,Generalized Anxiety Dis (GAD),0,0,1,0,0,0,0,2,1,4,0,0,0,0,2,6,8
November 2024,Hallucinations,0,0,0,0,0,0,0,0,0,1,0,0,0,0,0,1,1
November 2024,Intellectual Disability DISORDER (IDD),1,0,0,0,0,0,0,0,0,1,0,0,0,0,1,1,2
November 2024,Major Depressive Disorder         (MDD),0,0,0,2,2,4,6,4,6,10,0,0,0,0,14,20,34
November 2024,Mania,0,0,0,0,0,0,1,0,0,0,0,0,0,0,1,0,1
November 2024,Obsessive Compulsive Disorder (OCD),0,0,0,0,0,0,1,0,0,0,0,0,0,0,1,0,1
November 2024,Polysubstance abuse/use Disorder  (PSUD),0,0,0,0,2,0,1,0,1,0,0,0,0,0,4,0,4
November 2024,Post Traumatic Sress Disorder     (PTSD),0,0,0,0,1,3,0,1,2,0,0,0,0,0,3,4,7
November 2024,Psychosis,0,0,0,0,1,0,1,5,3,2,0,1,0,0,5,8,13
November 2024,Psychosis (Acute) (APE),0,0,0,0,1,1,2,4,3,2,1,0,0,0,7,7,14
November 2024,Psychosis (Brief),0,0,2,0,5,7,11,3,6,5,1,0,0,0,25,15,40
November 2024,Psychosis (Post Partum)                (PPP),0,0,0,0,0,0,0,3,0,1,0,0,0,0,0,4,4
November 2024,Psychosis (Puerperal),0,0,0,0,0,0,0,1,0,1,0,0,0,0,0,2,2
November 2024,Psychosis (HIV Induced),0,0,0,0,0,0,0,1,0,0,0,0,0,0,0,1,1
November 2024,Schizo Affective,0,0,0,0,3,1,6,9,4,6,0,2,0,0,13,18,31
November 2024,Schizophrenia,0,0,1,2,16,5,17,17,24,8,4,2,0,0,62,34,96
November 2024,Sleep Disorder,0,0,0,0,0,0,1,0,0,0,0,0,0,0,1,0,1
November 2024,Somatism,0,0,0,0,0,0,1,0,0,0,0,0,0,0,1,0,1
November 2024,Stress Disorder (Acute),0,0,0,0,0,0,0,0,1,0,0,0,0,0,1,0,1
November 2024,Stress Disorder (Emotional),0,0,0,0,0,0,0,0,1,0,0,0,0,0,1,0,1
November 2024,Substance Induced Psychosis       (SIP),0,0,0,0,4,0,2,1,1,0,0,0,0,0,7,1,8
November 2024,Substance/use disorder  SUD,0,0,1,1,7,1,15,4,5,2,1,0,0,0,29,8,37
November 2024,Substance/Drug Abuse (SUD-Bhang),0,0,0,0,1,1,0,0,0,0,0,0,0,0,1,1,2
November 2024,Substance/Drug Abuse (Heroin),0,0,0,0,0,0,1,0,0,0,0,0,0,0,1,0,1
November 2024,Suicidal (Attempted),0,0,0,1,1,0,1,1,0,0,0,0,0,0,2,2,4
December 2024,Bipolar Mood disorder  II            (BMD II),0,0,0,0,0,0,0,1,0,0,0,0,0,0,0,1,1
December 2024,Bipolar Mood disorder I              (BMD I),0,0,0,0,0,0,0,0,0,1,0,1,0,0,0,2,2
December 2024,Conduct disorder,0,0,1,0,0,0,0,0,0,0,0,0,0,0,1,0,1
December 2024,Delusional disorder,0,0,0,0,0,0,1,0,0,0,0,0,0,0,1,0,1
December 2024,Dementia,0,0,0,0,0,0,1,0,2,2,4,9,0,0,7,11,18
December 2024,Depression,0,0,0,0,1,0,1,1,3,2,0,0,0,0,5,3,8
December 2024,Depression (Mild),0,0,0,0,0,0,0,2,0,0,0,0,0,0,0,2,2
December 2024,Drug Induced Psychosis            (DIP),1,0,5,0,34,2,25,3,12,0,0,0,0,0,77,5,82
December 2024,Generalized Anxiety Dis (GAD),0,0,0,0,1,0,0,3,0,1,0,0,0,0,1,4,5
December 2024,Grief,0,0,0,0,0,0,1,1,0,0,0,0,0,0,1,1,2
December 2024,Insomia,0,0,0,0,0,0,1,0,0,0,0,0,0,0,1,0,1
December 2024,Intellectual Disability DISORDER (IDD),0,0,1,1,2,0,1,0,0,0,0,0,0,0,4,1,5
December 2024,Major Depressive Disorder         (MDD),0,0,2,0,6,3,13,11,7,13,0,1,0,0,28,28,56
December 2024,Mental Retardation,0,0,0,0,0,0,0,1,0,0,0,0,0,0,0,1,1
December 2024,Oppositional Defiant Disorder (ODD),0,0,0,0,0,0,0,1,0,0,0,0,0,0,0,1,1
December 2024,Polysubstance abuse/use Disorder  (PSUD),0,0,0,0,3,0,1,0,1,0,0,0,0,0,5,0,5
December 2024,Post Traumatic Sress Disorder     (PTSD),0,0,0,0,0,0,1,1,1,0,0,0,0,0,2,1,3
December 2024,Psychosis,0,0,1,0,0,1,2,4,1,3,1,1,0,0,5,9,14
December 2024,Psychosis (Acute) (APE),0,0,2,0,1,0,1,1,0,1,0,1,0,0,4,3,7
December 2024,Psychosis (Brief),0,1,3,0,8,5,7,4,10,2,0,2,0,0,28,14,42
December 2024,Psychosis (HIV Induced),0,0,0,0,0,0,1,0,0,0,0,0,0,0,1,0,1
December 2024,Psychosis (Post Partum)                (PPP),0,0,0,0,0,1,0,1,0,0,0,0,0,0,0,2,2
December 2024,Schizo Affective,0,0,0,0,2,1,7,0,3,6,0,0,0,0,12,7,19
December 2024,Schizophrenia,0,0,3,0,8,6,29,10,22,14,2,0,0,0,64,30,94
December 2024,Schizophrenia (Catatonic),0,0,0,0,0,0,1,0,0,0,0,0,0,0,1,0,1
December 2024,Sleep Disorder,0,0,1,0,0,0,0,0,0,0,0,0,0,0,1,0,1
December 2024,Stress Disorder (Acute),0,0,0,0,0,0,1,0,0,0,0,0,0,0,1,0,1
December 2024,Substance dependance,0,0,1,0,0,0,0,0,0,0,0,0,0,0,1,0,1
December 2024,Substance Induced Psychosis       (SIP),0,0,1,0,3,1,2,0,3,0,0,0,0,0,9,1,10
December 2024,Substance/Drug Abuse (SUD-Bhang),0,0,0,0,1,1,0,0,0,0,0,0,0,0,1,1,2
December 2024,Substance/use disorder  SUD,0,0,2,0,4,1,13,3,12,1,0,0,0,0,31,5,36
December 2024,Suicidal ideas/thoughts,0,0,0,0,0,0,1,0,0,0,0,0,0,0,1,0,1
December 2024,Tricotilomania,0,1,0,0,0,0,0,0,0,0,0,0,0,0,0,1,1
January 2025,Delusional disorder,0,0,0,0,0,0,0,0,1,0,0,0,0,0,1,0,1
January 2025,Dementia,0,0,0,0,0,0,0,0,1,4,3,4,0,0,4,8,12
January 2025,Depression,0,0,0,2,1,5,0,1,0,6,0,0,0,0,1,14,15
January 2025,Depression (Post Partum)   PPD,0,0,0,0,0,0,0,1,0,0,0,0,0,0,0,1,1
January 2025,Drug Induced Psychosis            (DIP),0,0,9,0,29,7,26,4,22,6,0,0,0,0,86,17,103
January 2025,GAD,0,0,0,0,3,2,0,3,1,3,0,0,0,0,4,8,12
January 2025,Insomia,0,0,0,0,0,1,0,0,0,0,0,0,0,0,0,1,1
January 2025,Intellectual Disability DISORDER (IDD),1,0,1,0,1,1,0,1,0,0,0,0,0,0,3,2,5
January 2025,Learning  disability,0,0,0,1,0,0,0,0,0,0,0,0,0,0,0,1,1
January 2025,Major Depressive Disorder         (MDD),0,0,0,2,3,6,5,8,8,19,0,1,0,0,16,36,52
January 2025,Obsessive Compulsive Disorder (OCD),0,0,1,0,0,0,0,0,0,0,0,0,0,0,1,0,1
January 2025,Oppositional Defiant Disorder (ODD),0,0,1,0,0,0,0,0,0,0,0,0,0,0,1,0,1
January 2025,Polysubstance abuse/use Disorder  (PSUD),0,0,0,0,4,0,4,0,2,0,0,0,0,0,10,0,10
January 2025,Post Traumatic Sress Disorder     (PTSD),0,0,0,0,1,1,0,2,2,1,0,1,0,0,3,5,8
January 2025,Psychosis,0,0,1,2,1,1,2,0,2,3,0,1,0,0,6,7,13
January 2025,Psychosis (Acute) (APE),0,0,0,0,1,1,0,0,1,1,0,0,0,0,2,2,4
January 2025,Psychosis (Brief),0,0,3,0,11,9,5,3,4,9,2,1,0,0,25,22,47
January 2025,Psychosis (HIV Induced),0,0,0,0,0,0,0,0,0,1,0,0,0,0,0,1,1
January 2025,Psychosis (Post Partum)                (PPP),0,0,0,0,0,0,0,0,0,1,0,0,0,0,0,1,1
January 2025,Schizo Affective,0,0,0,0,3,1,4,2,3,4,0,0,0,0,10,7,17
January 2025,Schizophrenia,0,0,1,1,8,5,27,7,22,29,0,4,0,0,58,46,104
January 2025,Schizophrenia (Catatonic),0,0,0,0,0,0,0,0,0,1,0,0,0,0,0,1,1
January 2025,Substance Abuse,0,0,3,0,0,1,0,0,0,0,0,0,0,0,3,1,4
January 2025,Substance Induced Psychosis       (SIP),0,0,0,0,2,2,6,2,0,1,0,0,0,0,8,5,13
January 2025,Substance/Drug Abuse (SUD-Bhang),0,0,2,0,1,0,0,0,1,0,0,0,0,0,4,0,4
January 2025,Substance/use disorder  SUD,0,0,7,0,17,5,23,4,7,2,0,1,0,0,54,12,66
January 2025,Suicidal ideas/thoughts,0,0,0,0,1,0,0,0,0,0,0,0,0,0,1,0,1
February 2025,Bipolar Mood disorder                (BMD),0,0,2,0,9,5,10,9,11,13,1,4,0,0,33,31,64
February 2025,Bipolar Mood disorder  II            (BMD II),0,0,0,0,0,0,0,0,0,1,0,0,0,0,0,1,1
February 2025,Bipolar Mood disorder I              (BMD I),0,0,0,1,0,1,0,0,0,0,0,0,0,0,0,2,2
February 2025,Celebral palsy,1,0,0,0,0,0,0,1,0,0,0,0,0,0,1,1,2
February 2025,Conduct disorder,0,0,0,2,0,0,0,0,0,0,0,0,0,0,0,2,2
February 2025,Dementia,0,0,0,0,0,0,0,1,5,5,5,11,0,0,10,17,27
February 2025,Depression,0,0,1,0,0,0,3,4,2,1,0,1,0,0,6,6,12
February 2025,Depression (Post Partum)   PPD,0,0,0,0,0,0,0,1,0,0,0,0,0,0,0,1,1
February 2025,Drug Induced Psychosis            (DIP),0,0,9,2,21,1,22,8,18,4,0,1,0,0,70,16,86
February 2025,GAD,0,0,0,0,0,0,2,2,1,1,0,0,0,0,3,3,6
February 2025,Gambling,0,0,0,0,0,0,0,0,0,1,0,0,0,0,0,1,1
February 2025,Grief,0,0,0,0,0,0,0,0,0,0,0,1,0,0,0,1,1
February 2025,Intellectual Disability Dis  (IDD),0,0,1,1,0,1,2,1,0,0,0,0,0,0,3,3,6
February 2025,Major Depressive Disorder         (MDD),0,0,2,1,4,4,5,16,6,13,0,2,0,0,17,36,53
February 2025,Mood disorder,0,0,0,0,0,0,1,1,0,0,0,0,0,0,1,1,2
February 2025,Obsessive Compulsive Disorder (OCD),0,0,0,0,0,0,0,1,0,0,0,0,0,0,0,1,1
February 2025,Oppositional Defiant Disorder (ODD),0,0,0,0,1,0,0,0,0,0,0,0,0,0,1,0,1
February 2025,Panic attack,0,0,0,0,0,0,0,0,1,0,0,0,0,0,1,0,1
February 2025,Personality disorder,0,0,1,0,0,0,0,0,0,0,0,0,0,0,1,0,1
February 2025,Polysubstance abuse/use Disorder  (PSUD),0,0,0,0,1,1,1,0,0,0,0,0,0,0,2,1,3
February 2025,Post Traumatic Sress Disorder     (PTSD),0,0,0,2,0,0,4,1,0,2,0,0,0,0,4,5,9
February 2025,Psychosis,0,0,0,1,2,0,2,5,5,3,1,1,0,0,10,10,20
February 2025,Psychosis (Acute) (APE),0,0,0,0,0,1,0,1,2,0,0,0,0,0,2,2,4
February 2025,Psychosis (Brief),0,0,2,0,7,2,12,4,7,14,0,0,0,0,28,20,48
February 2025,Psychosis (HIV Induced),0,0,0,0,0,0,0,1,0,0,0,0,0,0,0,1,1
February 2025,Psychosis (Post Partum)                (PPP),0,0,0,0,0,0,0,2,0,0,0,0,0,0,0,2,2
February 2025,Schizo Affective,0,0,2,0,3,1,4,4,4,4,0,0,0,0,13,9,22
February 2025,Schizophrenia,0,0,6,3,11,6,16,23,25,14,1,5,0,0,59,51,110
February 2025,Substamce Intoxication,0,0,0,0,0,0,1,0,0,0,0,0,0,0,1,0,1
February 2025,Substance Abuse,0,0,1,0,1,0,0,0,0,0,0,0,0,0,2,0,2
February 2025,Substance Induced Psychosis       (SIP),0,0,1,0,4,0,6,1,2,0,0,0,0,0,13,1,14
February 2025,Substance/Drug Abuse (SUD-Bhang),0,0,0,0,1,0,0,0,0,0,0,0,0,0,1,0,1
February 2025,Substance/use disorder  SUD,0,0,6,2,10,1,12,4,1,0,0,0,0,0,29,7,36
March 2025,Bipolar Mood disorder                (BMD),0,0,0,1,10,1,14,9,9,9,2,1,0,0,35,21,56
March 2025,Bipolar Mood disorder  II            (BMD II),0,0,0,0,0,0,0,0,0,1,0,0,0,0,0,1,1
March 2025,Bipolar Mood disorder I              (BMD I),0,0,0,0,1,0,0,0,0,0,0,0,0,0,1,0,1
March 2025,Conduct disorder,0,0,0,1,0,0,0,0,0,0,0,0,0,0,0,1,1
March 2025,Delusional disorder,0,0,0,0,0,0,0,0,1,0,0,0,0,0,1,0,1
March 2025,Dementia,0,0,0,0,0,0,0,0,2,4,1,4,0,0,3,8,11
March 2025,Depression,0,0,0,0,1,1,3,2,1,2,0,0,0,0,5,5,10
March 2025,Drug Induced Psychosis            (DIP),1,0,5,0,9,1,17,2,6,2,0,1,0,0,38,6,44
March 2025,Gambling,0,0,0,0,0,0,1,0,0,0,0,0,0,0,1,0,1
March 2025,Grief,0,0,0,0,0,0,0,0,0,1,0,0,0,0,0,1,1
March 2025,Major Depressive Disorder         (MDD),0,0,0,2,1,1,3,2,4,6,0,0,0,0,8,11,19
March 2025,Mania,0,0,0,0,0,0,0,0,0,1,0,0,0,0,0,1,1
March 2025,Mood disorder,0,0,0,0,0,0,0,0,0,1,0,0,0,0,0,1,1
March 2025,Oppositional Defiant Disorder (ODD),0,0,1,0,0,0,0,0,0,0,0,0,0,0,1,0,1
March 2025,Polysubstance abuse/use Disorder  (PSUD),0,0,0,0,3,0,1,0,0,0,0,0,0,0,4,0,4
March 2025,Post Traumatic Sress Disorder     (PTSD),0,0,0,1,0,1,0,0,0,0,0,0,0,0,0,2,2
March 2025,Psychosis,0,0,1,0,2,0,0,2,0,7,0,2,0,0,3,11,14
March 2025,Psychosis (Acute) (APE),0,0,0,1,0,0,1,1,0,2,0,0,0,0,1,4,5
March 2025,Psychosis (Brief),0,0,1,0,4,1,5,2,5,4,0,0,0,0,15,7,22
March 2025,Psychosis (Post Partum)                (PPP),0,0,0,0,0,0,0,2,0,0,0,0,0,0,0,2,2
March 2025,Schizo Affective,0,0,0,1,3,0,4,3,2,4,0,0,0,0,9,8,17
March 2025,Schizophrenia,0,0,0,0,6,6,19,8,14,10,1,1,0,0,40,25,65
March 2025,Somatism,0,0,1,0,0,0,0,0,0,0,0,0,0,0,1,0,1
March 2025,Stress Disorder (Acute),0,0,1,0,0,0,0,1,0,1,0,0,0,0,1,2,3
March 2025,Substance Induced Psychosis       (SIP),0,0,0,0,3,0,1,0,1,0,0,0,0,0,5,0,5
March 2025,Substance/Drug Abuse (SUD-Bhang),0,0,0,0,0,0,0,0,1,0,0,0,0,0,1,0,1
March 2025,Substance/use disorder  SUD,0,0,3,1,9,2,12,0,3,0,1,0,0,0,28,3,31
March 2025,Suicidal (Attempted),0,0,0,0,0,0,1,0,0,0,0,0,0,0,1,0,1
April 2025,Bipolar Mood disorder                (BMD),0,0,3,1,4,3,10,7,12,21,0,2,0,0,29,34,63
April 2025,Bipolar Mood disorder  II            (BMD II),0,0,0,0,0,0,0,0,0,1,0,0,0,0,0,1,1
April 2025,Bipolar Mood disorder I              (BMD I),0,0,0,0,0,0,0,0,2,3,1,0,0,0,3,3,6
April 2025,Conduct disorder,0,0,2,2,0,0,1,0,0,0,0,0,0,0,3,2,5
April 2025,Delirium,0,0,0,0,0,0,0,0,0,0,0,1,0,0,0,1,1
April 2025,Delusional disorder,0,0,0,0,0,0,0,0,1,0,0,0,0,0,1,0,1
April 2025,Dementia,0,0,0,0,0,0,1,0,1,4,2,9,0,0,4,13,17
April 2025,Dementia (Senile),0,0,0,0,0,0,0,0,0,1,1,0,0,0,1,1,2
April 2025,Depression,0,0,0,0,3,0,4,2,3,6,0,2,0,0,10,10,20
April 2025,Drug Induced Psychosis            (DIP),0,0,3,1,7,2,16,3,10,2,1,0,0,0,37,8,45
April 2025,Generalized Anxiety Dis (GAD),0,0,0,0,0,0,0,1,0,0,0,0,0,0,0,1,1
April 2025,Gambling,0,0,0,0,0,0,0,0,1,0,0,0,0,0,1,0,1
April 2025,Intellectual Disability Dis  (IDD),0,0,2,0,0,0,0,0,0,0,0,0,0,0,2,0,2
April 2025,Major Depressive Disorder         (MDD),0,0,1,1,2,2,4,6,4,2,0,0,0,0,11,11,22
April 2025,Mania,0,0,0,0,0,0,0,0,0,1,0,0,0,0,0,1,1
April 2025,Mental Retardation,0,1,0,0,0,0,0,0,0,0,0,0,0,0,0,1,1
April 2025,Personality disorder,0,0,1,0,0,0,0,0,0,0,0,0,0,0,1,0,1
April 2025,Polysubstance abuse/use Disorder  (PSUD),0,0,0,0,0,0,1,0,2,0,0,0,0,0,3,0,3
April 2025,Post Traumatic Sress Disorder     (PTSD),0,0,0,0,0,0,1,0,0,0,0,0,0,0,1,0,1
April 2025,Psychosis,1,0,1,0,1,0,6,2,2,2,1,0,0,0,12,4,16
April 2025,Psychosis (Acute) (APE),0,0,0,0,2,1,3,1,0,1,1,0,0,0,6,3,9
April 2025,Psychosis (Brief),0,0,1,0,4,3,4,3,12,2,1,0,0,0,22,8,30
April 2025,Psychosis (Post Partum)                (PPP),0,0,0,0,0,1,0,2,0,1,0,0,0,0,0,4,4
April 2025,Schizo Affective,0,0,1,2,1,0,3,7,2,4,1,2,0,0,8,15,23
April 2025,Schizophrenia,0,0,5,6,11,6,20,9,25,10,2,1,0,0,63,32,95
April 2025,Stress Disorder (Acute),0,0,0,0,0,0,0,0,0,2,0,0,0,0,0,2,2
April 2025,Substance dependance,0,0,0,0,1,0,0,0,0,0,0,0,0,0,1,0,1
April 2025,Substance Induced Psychosis       (SIP),0,0,1,0,0,1,2,0,1,0,0,0,0,0,4,1,5
April 2025,Substance/Drug Abuse (SUD-Bhang),0,0,1,0,0,0,1,0,0,0,0,0,0,0,2,0,2
April 2025,Substance/use disorder  SUD,0,0,6,2,8,3,15,0,6,0,0,0,0,0,35,5,40
April 2025,Suicidal (Attempted),0,0,0,0,1,0,1,0,1,0,0,0,0,0,3,0,3
April 2025,Suicidal ideas/thoughts,0,0,0,0,1,0,0,0,0,0,0,0,0,0,1,0,1
May 2025,Cerebral palsy,0,0,0,0,0,0,1,0,0,0,0,0,0,0,1,0,1
May 2025,Conduct disorder,0,0,1,2,0,0,0,0,0,0,0,0,0,0,1,2,3
May 2025,Delusional disorder,0,0,0,0,0,0,0,0,0,1,0,0,0,0,0,1,1
May 2025,Dementia,0,0,0,0,0,0,0,0,1,1,1,6,0,0,2,7,9
May 2025,Depression,0,0,0,0,0,0,2,6,4,2,0,1,0,0,6,9,15
May 2025,Depression (Post Partum)   PPD,0,0,0,0,0,0,0,0,0,2,0,0,0,0,0,2,2
May 2025,Drug Induced Psychosis            (DIP),0,0,5,0,23,4,22,8,14,5,0,0,0,0,64,17,81
May 2025,GAD,0,0,0,0,0,0,0,0,0,1,0,0,0,0,0,1,1
May 2025,Grief,0,0,0,0,0,0,0,0,0,1,0,0,0,0,0,1,1
May 2025,Intellectual Disability Dis  (IDD),1,0,1,1,1,0,0,0,0,0,0,0,0,0,3,1,4
May 2025,Major Depressive Disorder         (MDD),0,0,1,0,2,3,4,5,7,6,0,1,0,0,14,15,29
May 2025,Mood disorder,0,0,0,0,0,0,0,1,0,0,0,0,0,0,0,1,1
May 2025,Obsessive Compulsive Disorder (OCD),0,0,0,1,1,0,0,0,0,0,0,0,0,0,1,1,2
May 2025,Personality disorder,0,0,0,1,0,0,1,0,0,0,0,0,0,0,1,1,2
May 2025,Polysubstance abuse/use Disorder  (PSUD),0,0,0,0,0,0,1,0,2,0,0,0,0,0,3,0,3
May 2025,Post Traumatic Sress Disorder     (PTSD),0,0,1,0,0,0,0,1,0,1,0,0,0,0,1,2,3
May 2025,Psychosis,0,0,1,0,0,0,2,2,0,1,0,2,0,0,3,5,8
May 2025,Psychosis (Acute) (APE),0,0,0,0,1,0,0,0,1,1,0,0,0,0,2,1,3
May 2025,Psychosis (Brief),0,0,0,3,8,1,2,2,5,4,1,1,0,0,16,11,27
May 2025,Psychosis (Post Partum)                (PPP),0,0,0,0,0,0,0,2,0,1,0,0,0,0,0,3,3
May 2025,Psychosis (Puerperal),0,0,0,0,0,0,0,1,0,0,0,0,0,0,0,1,1
May 2025,Schizo Affective,0,0,0,3,3,0,3,6,7,7,0,2,0,0,13,18,31
May 2025,Schizophrenia,0,0,3,1,10,4,21,9,24,9,2,2,0,0,60,25,85
May 2025,Schizophrenia (Catatonic),0,0,0,0,0,0,0,0,1,0,0,0,0,0,1,0,1
May 2025,Sexual Dysfunction,0,0,0,0,0,0,0,1,0,0,0,0,0,0,0,1,1
May 2025,Stress Disorder (Acute),0,0,0,0,0,0,1,0,0,0,0,0,0,0,1,0,1
May 2025,Substance Induced Psychosis       (SIP),0,0,1,1,6,0,4,0,0,0,0,0,0,0,11,1,12
May 2025,Substance/Drug Abuse (SUD-Bhang),0,0,0,0,1,1,0,0,0,0,0,0,0,0,1,1,2
May 2025,Substance/use disorder  SUD,0,0,7,0,5,0,15,1,11,0,0,1,0,0,38,2,40
May 2025,Suicidal (Attempted),0,0,0,0,0,0,0,0,1,0,0,0,0,0,1,0,1
May 2025,Suicidal ideas/thoughts,0,0,0,0,0,0,0,0,0,1,0,0,0,0,0,1,1
June 2025,Attention Deficit Hyperactivity Dis (A.D.H.D.),0,1,0,0,1,0,0,0,1,0,0,0,0,0,2,1,3
June 2025,Bipolar Mood disorder                (BMD),0,0,3,5,8,7,15,6,20,17,0,1,0,0,46,36,82
June 2025,Bipolar Mood disorder  II            (BMD II),0,0,0,0,1,0,0,0,0,0,0,0,0,0,1,0,1
June 2025,Bipolar Mood disorder I              (BMD I),0,0,0,0,0,0,0,0,0,1,0,0,0,0,0,1,1
June 2025,Catatonia,0,0,0,0,0,0,1,0,0,0,0,0,0,0,1,0,1
June 2025,Delirium,0,0,0,0,1,0,0,0,0,0,0,0,0,0,1,0,1
June 2025,Delusional disorder,0,0,0,0,0,0,0,0,1,0,0,0,0,0,1,0,1
June 2025,Dementia,0,0,0,0,0,0,1,0,2,2,2,3,0,0,5,5,10
June 2025,Depression,0,0,0,0,1,0,2,3,1,1,0,1,0,0,4,5,9
June 2025,Depression (Post Partum)   PPD,0,0,0,0,0,0,0,1,0,0,0,0,0,0,0,1,1
June 2025,Drug Induced Psychosis            (DIP),0,0,13,3,29,5,31,7,18,11,1,2,0,0,92,28,120
June 2025,GAD,0,0,0,0,0,0,1,0,0,0,0,0,0,0,1,0,1
June 2025,Intellectual Disability Dis  (IDD),0,0,1,0,0,1,0,0,0,1,0,0,0,0,1,2,3
June 2025,Major Depressive Disorder         (MDD),0,0,3,0,1,3,4,9,5,8,0,1,0,0,13,21,34
June 2025,Mood disorder,0,0,0,0,0,0,0,0,0,0,0,1,0,0,0,1,1
June 2025,Polysubstance abuse/use Disorder  (PSUD),0,0,0,0,0,0,1,0,0,0,0,0,0,0,1,0,1
June 2025,Post Traumatic Sress Disorder     (PTSD),0,0,0,0,1,1,0,0,0,1,0,0,0,0,1,2,3
June 2025,Psychosis,0,0,0,0,0,0,3,0,2,0,0,0,0,0,5,0,5
June 2025,Psychosis (Acute) (APE),0,0,0,1,0,0,0,2,0,0,0,0,0,0,0,3,3
June 2025,Psychosis (Brief),1,0,1,1,6,1,6,5,2,3,1,0,0,0,17,10,27
June 2025,Psychosis (HIV Induced),0,0,0,0,0,0,0,0,0,1,0,0,0,0,0,1,1
June 2025,Psychosis (Post Partum)                (PPP),0,0,0,0,0,0,0,1,0,1,0,0,0,0,0,2,2
June 2025,Schizo Affective,0,0,0,1,0,0,1,2,4,5,2,1,0,0,7,9,16
June 2025,Schizophrenia,0,0,7,2,12,6,24,9,21,14,3,5,0,0,67,36,103
June 2025,Substance Induced Psychosis       (SIP),0,0,0,0,0,0,2,1,1,0,0,0,0,0,3,1,4
June 2025,Substance/Drug Abuse (Opiod),0,0,0,0,0,0,0,0,1,0,0,0,0,0,1,0,1
June 2025,Substance/Drug Abuse (SUD-Bhang),0,0,0,0,3,0,0,0,0,0,0,0,0,0,3,0,3
June 2025,Substance/use disorder  SUD,0,0,4,2,11,2,12,1,11,1,0,0,0,0,38,6,44
June 2025,Suicidal (Attempted),0,0,0,0,2,0,1,1,0,0,0,0,0,0,3,1,4
June 2025,Suicidal ideas/thoughts,0,0,0,1,0,0,0,0,0,0,0,0,0,0,0,1,1
